Task_ID,Week,Task_Name,Category,Priority,Status,Estimated_Hours,Actual_Hours,Assigned_To,Due_Date,Completion_%,Validation_Required,Notes,Issues,Next_Action
1.1,1,Backup existing database,Database,High,Not Started,2,0,DevOps,2025-08-17,0,Yes,Complete backup before any changes,,Execute full database backup
1.2,1,Create performance indexes per event_lifecycle.txt,Database,High,Not Started,4,0,Developer,2025-08-17,0,Yes,Index creation script ready,,Create required indexes
1.3,1,Rename collection to student_registrations,Database,Medium,Not Started,3,0,Developer,2025-08-17,0,Yes,Collection rename script,,Execute collection rename
1.4,1,Update service layer collection references,Backend,Medium,Not Started,4,0,Developer,2025-08-17,0,Yes,Update all service files,,Update participation_service.py
1.5,1,Create analytics collections for dashboard efficiency,Database,Medium,Not Started,3,0,Developer,2025-08-17,0,Yes,Analytics schema design,,Create event_statistics collection
1.6,1,Create student dashboard API endpoints,Backend,High,Not Started,6,0,Developer,2025-08-20,0,Yes,API design document,,Design and implement APIs
1.7,1,Implement participation overview API,Backend,High,Not Started,5,0,Developer,2025-08-20,0,Yes,Student dashboard requirements,,Build overview endpoint
1.8,1,Build attendance status dashboard integration,Backend,High,Not Started,6,0,Developer,2025-08-20,0,Yes,Dynamic attendance integration,,Integrate with dynamic attendance
1.9,1,Add certificate status tracking,Backend,Medium,Not Started,4,0,Developer,2025-08-20,0,Yes,Certificate schema finalized,,Implement certificate tracking
1.10,1,Create participation history view,Backend,Medium,Not Started,4,0,Developer,2025-08-20,0,Yes,Historical data query optimization,,Build history API
1.11,1,Implement real-time status updates,Backend,High,Not Started,5,0,Developer,2025-08-20,0,Yes,WebSocket or polling implementation,,Implement real-time updates
2.1,2,Create organizer dashboard API endpoints,Backend,High,Not Started,6,0,Developer,2025-08-25,0,Yes,Organizer requirements document,,Design organizer APIs
2.2,2,Build real-time event monitoring,Backend,High,Not Started,7,0,Developer,2025-08-25,0,Yes,Real-time architecture design,,Implement real-time monitoring
2.3,2,Implement registration analytics dashboard,Backend,High,Not Started,6,0,Developer,2025-08-25,0,Yes,Analytics requirements,,Build analytics dashboard
2.4,2,Add attendance monitoring interface,Backend,High,Not Started,5,0,Developer,2025-08-25,0,Yes,Attendance system integration,,Create monitoring interface
2.5,2,Create feedback management system,Backend,Medium,Not Started,5,0,Developer,2025-08-25,0,Yes,Feedback aggregation logic,,Implement feedback system
2.6,2,Build certificate management tools,Backend,Medium,Not Started,4,0,Developer,2025-08-25,0,Yes,Certificate generation workflow,,Build certificate tools
2.7,2,Create event completion API,Backend,High,Not Started,5,0,Developer,2025-08-27,0,Yes,Event completion workflow design,,Implement completion API
2.8,2,Implement certificate eligibility calculation,Backend,High,Not Started,4,0,Developer,2025-08-27,0,Yes,Eligibility criteria definition,,Build eligibility logic
2.9,2,Build bulk certificate generation,Backend,High,Not Started,6,0,Developer,2025-08-27,0,Yes,Certificate template system,,Implement bulk generation
2.10,2,Add event completion validation,Backend,Medium,Not Started,3,0,Developer,2025-08-27,0,Yes,Validation rules documented,,Add validation logic
2.11,2,Create completion audit trail,Backend,Medium,Not Started,3,0,Developer,2025-08-27,0,Yes,Audit requirements,,Implement audit trail
3.1,3,Create event cleanup service,Backend,Medium,Not Started,5,0,Developer,2025-08-31,0,Yes,Cleanup strategy document,,Build cleanup service
3.2,3,Implement automated data archival,Backend,Medium,Not Started,4,0,Developer,2025-08-31,0,Yes,Data retention policy,,Implement archival system
3.3,3,Build cleanup job scheduler,Backend,Medium,Not Started,4,0,Developer,2025-08-31,0,Yes,Scheduler implementation,,Build job scheduler
3.4,3,Add data retention policies,Backend,Low,Not Started,3,0,Developer,2025-08-31,0,Yes,Legal compliance review,,Define retention policies
3.5,3,Create cleanup monitoring,Backend,Medium,Not Started,3,0,Developer,2025-08-31,0,Yes,Monitoring dashboard,,Build monitoring system
3.6,3,Create database health monitoring,Backend,Medium,Not Started,5,0,Developer,2025-09-03,0,Yes,Health metrics definition,,Implement health monitoring
3.7,3,Implement system analytics dashboard,Backend,Medium,Not Started,5,0,Developer,2025-09-03,0,Yes,Analytics requirements,,Build analytics dashboard
3.8,3,Build performance monitoring tools,Backend,Medium,Not Started,4,0,Developer,2025-09-03,0,Yes,Performance metrics setup,,Implement performance tools
3.9,3,Add automated alerts and notifications,Backend,Low,Not Started,3,0,Developer,2025-09-03,0,Yes,Alert criteria definition,,Setup alert system
3.10,3,Comprehensive system testing,Testing,High,Not Started,8,0,QA Team,2025-09-05,0,Yes,All features implemented,,Execute full testing
3.11,3,Performance optimization,Backend,Medium,Not Started,6,0,Developer,2025-09-05,0,Yes,Performance baseline established,,Optimize performance
3.12,3,Documentation and deployment,DevOps,High,Not Started,8,0,DevOps Team,2025-09-05,0,Yes,All testing complete,,Deploy to production
