Sheet_Type,Task_ID,Week,Day,Task_Name,Category,Priority,Status,Estimated_Hours,Actual_Hours,Assigned_To,Due_Date,Completion_Percent,Validation_Required,Testing_Status,Notes,Dependencies,Issues,Next_Action
Task,1.1,1,1-2,Backup existing database,Database,High,Not Started,2,0,DevOps,2025-08-17,0,Yes,Not Started,Complete backup before any changes,,,Execute full database backup
Task,1.2,1,1-2,Create performance indexes per event_lifecycle.txt,Database,High,Not Started,4,0,Developer,2025-08-17,0,Yes,Not Started,Index creation script ready,1.1,,Create required indexes
Task,1.3,1,1-2,Rename collection to student_registrations,Database,Medium,Not Started,3,0,Developer,2025-08-17,0,Yes,Not Started,Collection rename script,"1.1,1.2",,Execute collection rename
Task,1.4,1,1-2,Update service layer collection references,Backend,Medium,Not Started,4,0,Developer,2025-08-17,0,Yes,Not Started,Update all service files,1.3,,Update participation_service.py
Task,1.5,1,1-2,Create analytics collections for dashboard efficiency,Database,Medium,Not Started,3,0,Developer,2025-08-17,0,Yes,Not Started,Analytics schema design,1.2,,Create event_statistics collection
Task,1.6,1,3-5,Create student dashboard API endpoints,Backend,High,Not Started,6,0,Developer,2025-08-20,0,Yes,Not Started,API design document,"1.4,1.5",,Design and implement APIs
Task,1.7,1,3-5,Implement participation overview API,Backend,High,Not Started,5,0,Developer,2025-08-20,0,Yes,Not Started,Student dashboard requirements,1.6,,Build overview endpoint
Task,1.8,1,3-5,Build attendance status dashboard integration,Backend,High,Not Started,6,0,Developer,2025-08-20,0,Yes,Not Started,Dynamic attendance integration,1.7,,Integrate with dynamic attendance
Task,1.9,1,3-5,Add certificate status tracking,Backend,Medium,Not Started,4,0,Developer,2025-08-20,0,Yes,Not Started,Certificate schema finalized,1.8,,Implement certificate tracking
Task,1.10,1,3-5,Create participation history view,Backend,Medium,Not Started,4,0,Developer,2025-08-20,0,Yes,Not Started,Historical data query optimization,1.9,,Build history API
Task,1.11,1,3-5,Implement real-time status updates,Backend,High,Not Started,5,0,Developer,2025-08-20,0,Yes,Not Started,WebSocket or polling implementation,1.8,,Implement real-time updates
Task,2.1,2,1-3,Create organizer dashboard API endpoints,Backend,High,Not Started,6,0,Developer,2025-08-25,0,Yes,Not Started,Organizer requirements document,1.11,,Design organizer APIs
Task,2.2,2,1-3,Build real-time event monitoring,Backend,High,Not Started,7,0,Developer,2025-08-25,0,Yes,Not Started,Real-time architecture design,2.1,,Implement real-time monitoring
Task,2.3,2,1-3,Implement registration analytics dashboard,Backend,High,Not Started,6,0,Developer,2025-08-25,0,Yes,Not Started,Analytics requirements,2.2,,Build analytics dashboard
Task,2.4,2,1-3,Add attendance monitoring interface,Backend,High,Not Started,5,0,Developer,2025-08-25,0,Yes,Not Started,Attendance system integration,2.3,,Create monitoring interface
Task,2.5,2,1-3,Create feedback management system,Backend,Medium,Not Started,5,0,Developer,2025-08-25,0,Yes,Not Started,Feedback aggregation logic,2.4,,Implement feedback system
Task,2.6,2,1-3,Build certificate management tools,Backend,Medium,Not Started,4,0,Developer,2025-08-25,0,Yes,Not Started,Certificate generation workflow,2.5,,Build certificate tools
Task,2.7,2,4-5,Create event completion API,Backend,High,Not Started,5,0,Developer,2025-08-27,0,Yes,Not Started,Event completion workflow design,2.6,,Implement completion API
Task,2.8,2,4-5,Implement certificate eligibility calculation,Backend,High,Not Started,4,0,Developer,2025-08-27,0,Yes,Not Started,Eligibility criteria definition,2.7,,Build eligibility logic
Task,2.9,2,4-5,Build bulk certificate generation,Backend,High,Not Started,6,0,Developer,2025-08-27,0,Yes,Not Started,Certificate template system,2.8,,Implement bulk generation
Task,2.10,2,4-5,Add event completion validation,Backend,Medium,Not Started,3,0,Developer,2025-08-27,0,Yes,Not Started,Validation rules documented,2.9,,Add validation logic
Task,2.11,2,4-5,Create completion audit trail,Backend,Medium,Not Started,3,0,Developer,2025-08-27,0,Yes,Not Started,Audit requirements,2.10,,Implement audit trail
Task,3.1,3,1-2,Create event cleanup service,Backend,Medium,Not Started,5,0,Developer,2025-08-31,0,Yes,Not Started,Cleanup strategy document,2.11,,Build cleanup service
Task,3.2,3,1-2,Implement automated data archival,Backend,Medium,Not Started,4,0,Developer,2025-08-31,0,Yes,Not Started,Data retention policy,3.1,,Implement archival system
Task,3.3,3,1-2,Build cleanup job scheduler,Backend,Medium,Not Started,4,0,Developer,2025-08-31,0,Yes,Not Started,Scheduler implementation,3.2,,Build job scheduler
Task,3.4,3,1-2,Add data retention policies,Backend,Low,Not Started,3,0,Developer,2025-08-31,0,Yes,Not Started,Legal compliance review,3.3,,Define retention policies
Task,3.5,3,1-2,Create cleanup monitoring,Backend,Medium,Not Started,3,0,Developer,2025-08-31,0,Yes,Not Started,Monitoring dashboard,3.4,,Build monitoring system
Task,3.6,3,3-5,Create database health monitoring,Backend,Medium,Not Started,5,0,Developer,2025-09-03,0,Yes,Not Started,Health metrics definition,3.5,,Implement health monitoring
Task,3.7,3,3-5,Implement system analytics dashboard,Backend,Medium,Not Started,5,0,Developer,2025-09-03,0,Yes,Not Started,Analytics requirements,3.6,,Build analytics dashboard
Task,3.8,3,3-5,Build performance monitoring tools,Backend,Medium,Not Started,4,0,Developer,2025-09-03,0,Yes,Not Started,Performance metrics setup,3.7,,Implement performance tools
Task,3.9,3,3-5,Add automated alerts and notifications,Backend,Low,Not Started,3,0,Developer,2025-09-03,0,Yes,Not Started,Alert criteria definition,3.8,,Setup alert system
Task,3.10,3,3-5,Comprehensive system testing,Testing,High,Not Started,8,0,QA Team,2025-09-05,0,Yes,Not Started,All features implemented,3.9,,Execute full testing
Task,3.11,3,3-5,Performance optimization,Backend,Medium,Not Started,6,0,Developer,2025-09-05,0,Yes,Not Started,Performance baseline established,3.10,,Optimize performance
Task,3.12,3,3-5,Documentation and deployment,DevOps,High,Not Started,8,0,DevOps Team,2025-09-05,0,Yes,Not Started,All testing complete,3.11,,Deploy to production
Component,Registration System,,,Working,Enhance,Medium,80,,Backend Team,,2025-08-16,,,,Collection rename needed,,Collection name non-compliant,Rename to student_registrations
Component,Dynamic Attendance,,,Excellent,Maintain,Low,95,,Backend Team,,2025-08-16,,,,Keep as-is - working perfectly,,None,Integration testing only
Component,Student Dashboard,,,Missing,Complete,High,0,,Frontend Team,,2025-08-16,,,,No student dashboard exists,,Major gap in user experience,Start development Week 1
Component,Organizer Dashboard,,,Missing,Complete,High,0,,Frontend Team,,2025-08-16,,,,No organizer monitoring tools,,Cannot monitor events,Start development Week 2
Component,Event Completion Workflow,,,Missing,Complete,High,0,,Backend Team,,2025-08-16,,,,No automated completion,,Manual certificate process,Implement in Week 2
Component,Certificate Generation,,,Basic,Automated,High,20,,Backend Team,,2025-08-16,,,,Basic flags only,,No actual generation,Build automation Week 2
Component,Database Indexes,,,Partial,Complete,Medium,40,,DevOps Team,,2025-08-16,,,,Some indexes missing,,Performance issues,Create missing indexes Week 1
Component,Data Cleanup,,,Missing,Automated,Medium,0,,Backend Team,,2025-08-16,,,,No cleanup automation,,Data will grow indefinitely,Implement Week 3
